{
  "total_files": 1548,
  "total_time": 6616.639418363571,
  "frameworks_tested": 6,
  "categories_tested": 3,
  "best_framework": "extractous",
  "framework_stats": {
    "kreuzberg_sync": {
      "success_rate": 72.72727272727273,
      "avg_time": 0.1370821492697196,
      "total_files": 264,
      "successful_files": 192
    },
    "kreuzberg_async": {
      "success_rate": 72.72727272727273,
      "avg_time": 0.14116859325656184,
      "total_files": 264,
      "successful_files": 192
    },
    "docling": {
      "success_rate": 80.26315789473685,
      "avg_time": 9.070799746749165,
      "total_files": 228,
      "successful_files": 183
    },
    "markitdown": {
      "success_rate": 77.27272727272727,
      "avg_time": 9.734233450941531,
      "total_files": 264,
      "successful_files": 204
    },
    "unstructured": {
      "success_rate": 88.63636363636364,
      "avg_time": 7.652519974926448,
      "total_files": 264,
      "successful_files": 234
    },
    "extractous": {
      "success_rate": 94.31818181818183,
      "avg_time": 5.274728711933713,
      "total_files": 264,
      "successful_files": 249
    }
  },
  "timestamp": 1752228432.7080379
}