{
  "total_runs": 18,
  "total_files_processed": 1188,
  "total_time_seconds": 4038.602369785309,
  "frameworks_tested": 6,
  "framework_performance": {
    "kreuzberg_sync": {
      "total_files": 258,
      "successful_files": 258,
      "success_rate": 1.0,
      "avg_files_per_second": 20.431646426327163,
      "avg_memory_mb": 354.429566375969
    },
    "kreuzberg_async": {
      "total_files": 258,
      "successful_files": 258,
      "success_rate": 1.0,
      "avg_files_per_second": 16.50687571087526,
      "avg_memory_mb": 359.2135265261628
    },
    "docling": {
      "total_files": 195,
      "successful_files": 192,
      "success_rate": 0.9846153846153847,
      "avg_files_per_second": 0.17650253021048617,
      "avg_memory_mb": 1854.162400610207
    },
    "unstructured": {
      "total_files": 249,
      "successful_files": 246,
      "success_rate": 0.9879518072289156,
      "avg_files_per_second": 2.8668481045429592,
      "avg_memory_mb": 1325.094930859803
    },
    "extractous": {
      "total_files": 225,
      "successful_files": 222,
      "success_rate": 0.9866666666666667,
      "avg_files_per_second": 2.793696568377121,
      "avg_memory_mb": 538.0550732185991
    },
    "markitdown": {
      "total_files": 3,
      "successful_files": 0,
      "success_rate": 0.0,
      "avg_files_per_second": 0.0,
      "avg_memory_mb": 263.7
    }
  },
  "category_performance": {
    "tiny": {
      "total_files": 648,
      "successful_files": 648,
      "success_rate": 1.0
    },
    "small": {
      "total_files": 393,
      "successful_files": 387,
      "success_rate": 0.9847328244274809
    },
    "medium": {
      "total_files": 144,
      "successful_files": 141,
      "success_rate": 0.9791666666666666
    }
  }
}