{"total_runs":4,"total_files_processed":200,"total_time_seconds":6.02767014503479,"framework_summaries":{"kreuzberg_sync":[{"framework":"kreuzberg_sync","category":"tiny","total_files":100,"successful_files":90,"failed_files":10,"partial_files":0,"timeout_files":0,"avg_extraction_time":0.03348198466830783,"median_extraction_time":0.00026094913482666016,"min_extraction_time":0.00009489059448242188,"max_extraction_time":0.3322150707244873,"std_extraction_time":0.06347182134353492,"avg_peak_memory_mb":271.6842013888889,"avg_cpu_percent":52.00244444444444,"files_per_second":29.866807774586427,"mb_per_second":0.8773986223305499,"success_rate":0.9,"avg_character_count":7566,"avg_word_count":773}],"kreuzberg_async":[{"framework":"kreuzberg_async","category":"tiny","total_files":100,"successful_files":90,"failed_files":10,"partial_files":0,"timeout_files":0,"avg_extraction_time":0.033426056967841254,"median_extraction_time":0.0004769563674926758,"min_extraction_time":0.00008392333984375,"max_extraction_time":0.47423815727233887,"std_extraction_time":0.0867372403438016,"avg_peak_memory_mb":0.0,"avg_cpu_percent":0.0,"files_per_second":29.916780222150823,"mb_per_second":0.8788666652823913,"success_rate":0.9,"avg_character_count":7578,"avg_word_count":774}]},"category_summaries":{"tiny":[{"framework":"kreuzberg_sync","category":"tiny","total_files":100,"successful_files":90,"failed_files":10,"partial_files":0,"timeout_files":0,"avg_extraction_time":0.03348198466830783,"median_extraction_time":0.00026094913482666016,"min_extraction_time":0.00009489059448242188,"max_extraction_time":0.3322150707244873,"std_extraction_time":0.06347182134353492,"avg_peak_memory_mb":271.6842013888889,"avg_cpu_percent":52.00244444444444,"files_per_second":29.866807774586427,"mb_per_second":0.8773986223305499,"success_rate":0.9,"avg_character_count":7566,"avg_word_count":773},{"framework":"kreuzberg_async","category":"tiny","total_files":100,"successful_files":90,"failed_files":10,"partial_files":0,"timeout_files":0,"avg_extraction_time":0.033426056967841254,"median_extraction_time":0.0004769563674926758,"min_extraction_time":0.00008392333984375,"max_extraction_time":0.47423815727233887,"std_extraction_time":0.0867372403438016,"avg_peak_memory_mb":0.0,"avg_cpu_percent":0.0,"files_per_second":29.916780222150823,"mb_per_second":0.8788666652823913,"success_rate":0.9,"avg_character_count":7578,"avg_word_count":774}]},"framework_category_matrix":{"kreuzberg_sync_tiny":{"framework":"kreuzberg_sync","category":"tiny","total_files":100,"successful_files":90,"failed_files":10,"partial_files":0,"timeout_files":0,"avg_extraction_time":0.03348198466830783,"median_extraction_time":0.00026094913482666016,"min_extraction_time":0.00009489059448242188,"max_extraction_time":0.3322150707244873,"std_extraction_time":0.06347182134353492,"avg_peak_memory_mb":271.6842013888889,"avg_cpu_percent":52.00244444444444,"files_per_second":29.866807774586427,"mb_per_second":0.8773986223305499,"success_rate":0.9,"avg_character_count":7566,"avg_word_count":773},"kreuzberg_async_tiny":{"framework":"kreuzberg_async","category":"tiny","total_files":100,"successful_files":90,"failed_files":10,"partial_files":0,"timeout_files":0,"avg_extraction_time":0.033426056967841254,"median_extraction_time":0.0004769563674926758,"min_extraction_time":0.00008392333984375,"max_extraction_time":0.47423815727233887,"std_extraction_time":0.0867372403438016,"avg_peak_memory_mb":0.0,"avg_cpu_percent":0.0,"files_per_second":29.916780222150823,"mb_per_second":0.8788666652823913,"success_rate":0.9,"avg_character_count":7578,"avg_word_count":774}},"failure_patterns":{"ValidationError":20},"timeout_files":[],"performance_over_iterations":{"kreuzberg_sync":[0.06684096124437121,0.00012300809224446613],"kreuzberg_async":[0.06673137346903484,0.00012074046664767795]},"platform_results":{"Darwin":{"kreuzberg_sync":{"framework":"kreuzberg_sync","category":"tiny","total_files":100,"successful_files":90,"failed_files":10,"partial_files":0,"timeout_files":0,"avg_extraction_time":0.03348198466830783,"median_extraction_time":0.00026094913482666016,"min_extraction_time":0.00009489059448242188,"max_extraction_time":0.3322150707244873,"std_extraction_time":0.06347182134353492,"avg_peak_memory_mb":271.6842013888889,"avg_cpu_percent":52.00244444444444,"files_per_second":29.866807774586427,"mb_per_second":0.8773986223305499,"success_rate":0.9,"avg_character_count":7566,"avg_word_count":773},"kreuzberg_async":{"framework":"kreuzberg_async","category":"tiny","total_files":100,"successful_files":90,"failed_files":10,"partial_files":0,"timeout_files":0,"avg_extraction_time":0.033426056967841254,"median_extraction_time":0.0004769563674926758,"min_extraction_time":0.00008392333984375,"max_extraction_time":0.47423815727233887,"std_extraction_time":0.0867372403438016,"avg_peak_memory_mb":0.0,"avg_cpu_percent":0.0,"files_per_second":29.916780222150823,"mb_per_second":0.8788666652823913,"success_rate":0.9,"avg_character_count":7578,"avg_word_count":774}}}}